<?xml version="1.0" encoding="utf-8"?>
<css>
  <cssfile>
    <css_set_id>0</css_set_id>
    <css_updated>1300836692</css_updated>
    <css_group>stattrack</css_group>
    <css_content>div.floatRight {
    float: right;
    width: 59%;
}
div.floatLeft {
    float: left;
    width: 39%;
}
div.floatRightAll{
	float: right;
	position: relative;
}
div.floatLeftAll{
	float: left;
	position: relative;
}
div.floatRight1 {
    float: right;
    width: 49.5%;
}
div.floatLeft1 {
    float: left;
    width: 49.5%;
}
div#header1 {
    clear: both;
    height: 50px;
    background-color: aqua;
    padding: 1px;
}
div.noOverflow{
	overflow: hidden;
}</css_content>
    <css_position>1</css_position>
    <css_app>reachstat</css_app>
    <css_app_hide>1</css_app_hide>
    <css_attributes><![CDATA[title="Main" media="screen"]]></css_attributes>
    <css_modules/>
    <css_removed>0</css_removed>
    <css_master_key>root</css_master_key>
  </cssfile>
</css>
