<?xml version="1.0" encoding="utf-8"?>
<moduleexport>
  <modulegroup>
    <module>
      <sys_module_title>Display</sys_module_title>
      <sys_module_application>reachstat</sys_module_application>
      <sys_module_key>display</sys_module_key>
      <sys_module_description>What they see, is what this is.</sys_module_description>
      <sys_module_version>1.0</sys_module_version>
      <sys_module_parent/>
      <sys_module_protected>0</sys_module_protected>
      <sys_module_visible>1</sys_module_visible>
      <sys_module_tables/>
      <sys_module_hooks/>
      <sys_module_position>15</sys_module_position>
      <sys_module_admin>0</sys_module_admin>
    </module>
    <module>
      <sys_module_title>Grab</sys_module_title>
      <sys_module_application>reachstat</sys_module_application>
      <sys_module_key>grab</sys_module_key>
      <sys_module_description>The action of grabbing the stats</sys_module_description>
      <sys_module_version>1.0</sys_module_version>
      <sys_module_parent/>
      <sys_module_protected>0</sys_module_protected>
      <sys_module_visible>1</sys_module_visible>
      <sys_module_tables/>
      <sys_module_hooks/>
      <sys_module_position>16</sys_module_position>
      <sys_module_admin>0</sys_module_admin>
    </module>
    <module>
      <sys_module_title>Main</sys_module_title>
      <sys_module_application>reachstat</sys_module_application>
      <sys_module_key>index</sys_module_key>
      <sys_module_description/>
      <sys_module_version>1.0.0</sys_module_version>
      <sys_module_parent/>
      <sys_module_protected>0</sys_module_protected>
      <sys_module_visible>1</sys_module_visible>
      <sys_module_tables/>
      <sys_module_hooks/>
      <sys_module_position>17</sys_module_position>
      <sys_module_admin>1</sys_module_admin>
    </module>
    <module>
      <sys_module_title>Settings</sys_module_title>
      <sys_module_application>reachstat</sys_module_application>
      <sys_module_key>settings</sys_module_key>
      <sys_module_description/>
      <sys_module_version>1.0</sys_module_version>
      <sys_module_parent/>
      <sys_module_protected>0</sys_module_protected>
      <sys_module_visible>1</sys_module_visible>
      <sys_module_tables/>
      <sys_module_hooks/>
      <sys_module_position>18</sys_module_position>
      <sys_module_admin>1</sys_module_admin>
    </module>
    <module>
      <sys_module_title>Tools</sys_module_title>
      <sys_module_application>reachstat</sys_module_application>
      <sys_module_key>tools</sys_module_key>
      <sys_module_description/>
      <sys_module_version>1.0</sys_module_version>
      <sys_module_parent/>
      <sys_module_protected>0</sys_module_protected>
      <sys_module_visible>1</sys_module_visible>
      <sys_module_tables/>
      <sys_module_hooks/>
      <sys_module_position>19</sys_module_position>
      <sys_module_admin>1</sys_module_admin>
    </module>
  </modulegroup>
</moduleexport>
