<?xml version="1.0" encoding="utf-8"?>
<css>
  <cssfile>
    <css_set_id>1</css_set_id>
    <css_updated>1274033719</css_updated>
    <css_group>stattrack</css_group>
    <css_content>div#header1 {
    clear: both;
    height: 50px;
    background-color: aqua;
    padding: 1px;
}
div#left1 {
    float: left;
	height: 200px;
    width: 200px;
    background-color: inherit;
}
div#right1 {
    float: right;
    width: 200px;
    background-color: inherit;
}
div#middle1 {
    padding: 0px 160px 5px 160px;
    margin: 0px;
    background-color: inherit;
}
div#footer1 {
    clear: both;
    background-color: inherit;
}
#update_stats {
	background-color: #1d3652;
	color: #fff;
	border-color: #4f7298 #113051 #113051 #4f7298;
	font-weight: bold;
	font-size: 0.85em;
	text-decoration: none;
	border-width: 1px;
	border-style: solid;
	padding: 3px 7px;
	cursor: pointer;
	-moz-border-radius: 5px;
	-webkit-border-radius: 5px;
	border-radius: 5px;
}

	#update_stats:hover {
		background: #2e4968;
	}

	#update_stats.alt {
		background-color: #eef3f8;
		border-color: #fafbfc #bfcbd8 #bfcbd8 #fafbfc;
		color: #1d3652;
	}

		#update_stats.alt:hover {
			background: #e4ebf2;
			color: #1d3652;</css_content>
    <css_position>1</css_position>
    <css_app>reachstat</css_app>
    <css_app_hide>1</css_app_hide>
    <css_attributes><![CDATA[title="Main" media="screen"]]></css_attributes>
    <css_modules/>
    <css_removed>0</css_removed>
  </cssfile>
</css>
