<?xml version="1.0" encoding="UTF-8"?>
<versions>
	<version>
		<human>0.7.1</human>
		<long>10001</long>
	</version>
		<version>
		<human>0.7.2</human>
		<long>10002</long>
	</version>
	<version>
		<human>0.7.3</human>
		<long>10003</long>
	</version>
		<version>
		<human>0.7.4</human>
		<long>10004</long>
	</version>
	<version>
		<human>0.7.5</human>
		<long>10005</long>
	</version>
	<version>
		<human>0.7.6</human>
		<long>10006</long>
	</version>
	<version>
		<human>0.7.7</human>
		<long>10007</long>
	</version>
	<version>
		<human>0.7.8</human>
		<long>10008</long>
	</version>
	<version>
		<human>0.7.9</human>
		<long>10009</long>
	</version>
	<version>
		<human>0.8.0</human>
		<long>10010</long>
	</version>
	<version>
		<human>0.8.1</human>
		<long>10011</long>
	</version>
	<version>
		<human>0.8.2</human>
		<long>10012</long>
	</version>
	<version>
		<human>0.8.3</human>
		<long>10013</long>
	</version>
	<version>
		<human>0.8.4</human>
		<long>10014</long>
	</version>
</versions>